"Text","Sentiment"
"ok",2
"mÃ¡y má»›i sáº¡c chÆ°a sÃ i mÃ  Ä‘Ã£ háº¿t pin .cáº£m á»©ng ráº¥t cháº­m",0
"MÃ¡y bá»n, bÃ© lÃ m rÆ¡i nhiá»u láº§n mÃ  khÃ´ng bá»‹ há»ng.",2
"NhÆ°ng khi chÆ¡i game nháº¹ thÃ¬ OK game náº·ng giáº­t tung Ä‘Ã­t vá»›i cÃ¡c chip 8lÃµi mÃ  yáº¿u hÆ¡n cáº£ chip 4 lÃµi Snapdragon 425 ....ae chÆ¡i game khÃ´ng nÃªn mua máº·c dÃ¹ thÃ´ng sá»‘ lÃ  tháº­t Ä‘Ã£ kiá»ƒm tra báº±n pháº§n má»n untutu 68k Ä‘iá»ƒm nhÆ°ng liÃªn quÃ¢n low seeting váº«n tá»¥t fps...",1
"TÃ´i dÃ¹ng con nÃ y hÆ¡n 1 nÄƒm rá»“i, rá»›t máº¥y láº§n mÃ  bÃ¢y giá» váº«n xÃ i tá»‘t, há»“i trÆ°á»›c mua 4 triá»‡u 9 luÃ´n :(
NhÆ°á»£c Ä‘iá»ƒm lÃ  bá»™ nhá»› trong quÃ¡ Ã­t 4GB mÃ  há»‡ thá»‘ng chiáº¿m háº¿t hÆ¡n 1/2 cÃ²n trá»‘ng cÃ³ 2gb lÃ  cao, há»‡ Ä‘iá»u hÃ nh ko update gÃ¬ háº¿t, 4.1 lÃ  ko up lÃªn Ä‘Æ°á»£c ná»¯a",1
"nháº­n mÃ¡y xong tháº­t sá»± tháº¥t vá»ng vá» cháº¥t lÆ°á»£ng. Kiá»ƒm tra xong tháº¥y mÃ¡y bá»‹ há»Ÿ á»Ÿ mÃ©p mÃ n hÃ¬nh, Tem báº£o hÃ nh cÅ©ng rÃ¡ch luÃ´n. Shop tráº£ lá»i lÃ  lá»—i do ngÆ°á»i sá»­ dá»¥ng do nháº­n mÃ¡y Ä‘Ã£ 5 ngÃ y rá»“i. ThÃ´i thÃ¬ lá»—i cá»§a mÃ¬nh ham giáº£m giÃ¡ vÃ  má»Ÿ hÃ ng ra cháº­m trá»…. ÄÄƒng lÃªn Ä‘á»ƒ ngÆ°á»i mua sau biáº¿t mÃ  trÃ¡nh mua hÃ ng cá»§ qua máº¡ng. NÃªn Ä‘i mua trá»±c tiáº¿p cho yÃªn tÃ¢m vá» cháº¥t lÆ°á»£ng.",0
"Chay con thua cai may cui chip 4 nhan 1.3g ná»¯a. tháº¥y chÃ­p 8 nhÃ¢n 2g ram mua vá» chÆ¡i lien quÃ¢n cho Ä‘Ã£. Mua zÃ¬a mÃ¡y nhu lo . Thua cÃ¡i mÃ¡y cui bap chip 4 nhÃ¢n cÃ¹i t. Hic hic... tÃ¬nh hÃ¬nh lÃ  sáº£n pháº©m hÃ ng nhÃ¡i mÃ  khÃ´ng Ä‘c Ä‘á»•i trÃ£. hiá»…u anh em lÃ m Äƒn luÃ´n. Bye bye lazada .",0
"mÃ¡y cháº¥t lÆ°á»£ng kÃ©m mua dÆ°á»£c 2ngay loa Ä‘Ã£ rÃ¨ bin nhanh háº¿t",0
"hiá»‡n táº¡i mÃ¡y mÃ¬nh dÃ¹ng thá»­ tháº¥y hay bá»‹ lá»—i káº¿t ná»‘i máº¡ng WiFi! Ä‘ang online thÃ¬ bá»‹ offline rá»“i má»™t lÃºc sau thÃ¬ láº¡i vÃ o Ä‘Æ°á»£c! WiFi nhÃ  m á»•n Ä‘á»‹nh, Ä‘Ã£ kiá»ƒm tra trÃªn cÃ¡c thiáº¿t bá»‹ khÃ¡c nhÆ°ng khÃ´ng bá»‹ máº¥t káº¿t ná»‘i. shop check giÃºp!",0
"MÃ¬nh mua hÃ ng cá»§a lazada cÅ©ng nhiá»u nhÆ°ng dáº¡o nÃ y hÃ ng xáº¥u vÃ  lá»—i ko, mua Ä‘iá»‡n thoáº¡i thÃ¬ giao Ä‘iá»‡n thoáº¡i cÅ©. HÃ ng nÃ y thÃ¬ ko xÃ³a dc....",0
"hang tuongdoi tot nhung phanmem shop nam o dau vayshopco lua gatphai khong",2
"â™¡â™¡â™¡â™¡â™¡ğŸ˜„",1
"chá»¥p hÃ¬nh hÆ¡i xáº¥u,mÃ¡y cháº­m thua samsung lÃ¢u háº¿t pin",1
"Pin mÃ¡y chá»‰ dÃ¹ng trong 2tieng lÃ  háº¿t pin,mÃ¬nh nghÄ© lÃ  khoáº£n 2000 khÃ´ng pháº£i 4000 dau",0
"I am very upset! I did not see in your product description that this tablet is only for the Chinese market! Now I need to try hard to install the global version for use !!",1
"sp mau háº¿t pin, trung bÃ¬nh tá»¥t 1% pin trong 1 giá» khi á»Ÿ cháº¿ Ä‘á»™ chá»i,nt vá»›i shop thÃ¬ shop khÃ´ng bao giá» xem.",0
"MÃ¡y mÆ°á»£t pin trÃ¢u. Má»—i tá»™i cÃ i chplay vá»›i tiáº¿ng viá»‡t khÃ³ quÃ¡. Giá» váº«n chÆ°a cÃ i Ä‘c",2
"sp tá»‘t Ä‘Ãºng nhÆ° mÃ´ táº£",2
"GiÃ¡ nÃ y quÃ¡ ok rá»“i. ChÆ¡i game táº§m trung thÃ´i nhÆ°ng giáº£i trÃ­ phim, nháº¡c, web quÃ¡ Ok.",2
"Sáº£n pháº©m nguyÃªn seal,cháº¥t lÆ°á»£ng,cáº§n thá»i gian Ä‘á»ƒ Ä‘Ã¡nh giÃ¡",2
"mÃ¡y má»›i nÃªn má»i thá»© Ä‘á»u tá»‘t . cÃ¡m Æ¡n shop.",2
"mÃ¡y nguyÃªn seal, Ä‘áº¹p nhÆ°ng kÃ­nh cÆ°á»ng lá»±c kÃ¨m theo Ä‘Ã£ ná»©t.",1
"khong sai duoc sim Vietnamobile",0
"háº¿t pin sáº¡c khÃ´ng vÃ´ vÃ  má»Ÿ mÃ¡y khÃ´ng Ä‘Æ°á»£c váº­y pháº£i lÃ m sao?",0
"hÃ¬nh áº£nh mÃ u sáº¯c o Ä‘áº¹p...hÆ¡i loáº¡n cáº£m á»©ng... phÃ­ tiá»n quÃ¡..ngu tháº­t..ThÃ´i coi nhÆ° mua vá» lÃ m Ä‘á»“ chÆ¡i cho bÃ© nghá»‹ch",0
"Ä‘Ã³ng gÃ³i cáº©n tháº­n, mÃ¡y hÆ¡i á»p áº¹p ,loa cháº¥t lÆ°á»£ng kÃ©m , mÃ n hÃ¬nh á»•n ,camera yáº¿u , nÃ³i chung tiá»n nÃ o cá»§a áº¥y , tá»‘t trong táº§m giÃ¡,",1
"Ok gia tien phu hop soi sp",2
"on the fourth day the tablet died!",0
"Toi muon tra hang hang bi loi",0
"mÃ¡y SÃ i tá»‘t sá»­ dá»¥ng ráº¥t ok cáº£m Æ¡n shop nhÃ¬u",2
"goÌ£i Ä‘iÃªÌ£n baÌo Ä‘Æ¡n haÌ€ng dÄƒÌ£n kyÌƒ nhÆ°ng dao laÌ€ maÌy cuÌƒ sÆ°Æ¡Ìc mÄƒÌ£t nhiÃªÌ€u. bÆ°c hÃªÌt caÌ‰ miÌ€nh",0
"tot lm shop oi",2
"Tá»‡....hÃ ng bá»‹ lá»—i ko xÃ i Ä‘Æ°á»£c",0
"giao hÃ ng nhanh. 2 ngay ruoi lÃ  nháº­n dc hÃ ng r.. mÃ¡y cháº¡y tá»‘t.. mÃ n hÃ¬nh rÃµ nÃ©t.. ok shop. nhÆ°ng loa hÆ¡i nhá»..",2
"hÃ ng Ã´m cÃ³ cÃ¡i lÃ  Ä‘á»™ sáº¯c nÃ©t k Ä‘Æ°á»£c Ä‘áº¹p",1
"NhÃ¬n chung ok nhung hok bjk lÄƒp sim cho nao",2
"Ä‘áº¹p vÃ  ok ",2
"MÃ¬nh Ä‘Ã£ nháº­n hÃ ng nhÆ°ng khi má»Ÿ khe sim ra thÃ¬ Ä‘Ã£ cÃ³ sáºµn 1 sim trong Ä‘Ã³ MÃ¬nh Ä‘Ã£ nháº­n hÃ ng nhÆ°ng khi má»Ÿ khe sim ra thÃ¬ Ä‘Ã£ cÃ³ sáºµn 1 sim trong Ä‘Ã³ cÃ²n láº¡i mÃ¬nh Ä‘ang dÃ¹ng nÃªn chÆ°a Ä‘Ã¡nh giÃ¡ Ä‘Æ°á»£c
Giao hÃ ng nhanh",2
"MÃ¡y ngon,pin trÃ¢u,báº¯t sÃ³ng tá»‘t má»i thá»© gáº§n nhÆ° hoÃ n háº£o ngoáº¡i trá»« mÃ n hÃ¬nh hÆ¡i nháº¡t (chÃ¢n thá»±c),khÃ´ng Ä‘c ná»‹nh máº¯t nhÆ° cÃ¡c sáº£n pháº©m khÃ¡c.",2
"HÃ ng má»›i nguyÃªn seal 100%. ÄÃ£ dÃ¹ng Ä‘Æ°á»£c 3 ngÃ y vÃ  ráº¥t hÃ i lÃ²ng vá» sáº£n pháº©m.",2
"Sáº£n pháº©m nguyÃªn seal. Giao hÃ ng lÃ¢u",2
"ráº¥t good , mÃ¡y nguyÃªn seal , mÃ´ táº£ nhÆ° hÃ¬nh ,giao hag2 nhah",2
"Láº§n nÃ y giao nhanh",2
"Sáº£n pháº©m tá»‘t. ",2
"Item ordered is Xiaomi Mipad 4 LTE. ",2
"tá»‘t, ",2
"ok",2
"HÃ ng giao Ä‘Ãºng nhÆ° mÃ´ táº£, máº«u mÃ£ Ä‘áº¹p, cháº¥t lÆ°á»£ng táº¡m á»•n, chá» tráº£i nghiá»‡m thÃªm",2
"Sáº£n pháº©m OK, Ä‘Ãºng nhÆ° nhá»¯ng gÃ¬ Shop nÃªu, muá»‘n sá»­ dá»¥ng vÄƒn báº£n pháº£i cÃ i office hÆ¡i máº¥t cÃ´ng, mÃ¡y cháº¡y á»•n, Ä‘á»™ bá»n chÆ°a biáº¿t... nhÃ¢n viÃªn nhiá»‡t tÃ¬nh hÆ°á»›ng dáº«n, cáº£m Æ¡n.!.",2
"mÃ¡y tÃ­nh báº£ng mÃ¡y Ä‘áº¹p quÃ¡ 
coi phim quÃ¡ Ä‘Ã£
mÃ¡y mÆ°á»£t mÃ  
shop bÃ¡n hÃ ng cÃ³ tÃ¢m",2
"sac ko vÃ´.. cá»§ sac samsung..ko sac dc .",0
"ğŸ˜‚ğŸ˜‚ğŸ˜‚ğŸ˜‚ğŸ˜‚ğŸ˜‚ğŸ˜‚ğŸ˜‚",1
"MÃ¡y nguyÃªn siu hÃ ng dÃ¹ng tá»‘t trong táº§m giÃ¡",2
"mÃ¡y sÃ i thÃ¬ OK... nhÆ°ng táº£i game k DC shop Æ¡i",1
"ráº¥t ok ,Ä‘Ãºng máº«u Ä‘áº·t hÃ ng",2
"Ä‘Ã£ nháº­n hÃ ng, mÃ¡y Ä‘áº¹p , pin xÃ i lÃ¢u, chÆ¡i liÃªn minh mÆ°á»£t mÃ .....Ä‘Ã¡ng tiá»n. CÃ¡m Æ¡n lazada",2
"qua ngon thank shop nha co gi lan sau ae mua tiep",2
"ok hang ok ",2
"maÌy hÆ° ko hoaÌ£t Ä‘Ã´Ì£ng.caÌ‰m Æ°Ìng biÌ£ Ä‘Æ¡.kÃªÌt nÃ´Ìi wi-fi ko Ä‘Æ°Æ¡Ì£c.maÌ€ ko cho Ä‘Ã´Ì‰i.laÌ€m mÃ¢Ìt qui tiÌnh lazada",0
"mÃ¡y ráº¥t cham vÃ  kg má»Ÿ Ä‘Æ°á»£c mÃ ng hÃ¬nh lÃªn liÃªn ná»¯a hay bá»‹ Ä‘á»©ng mÃ¡y 
cáº£ ngÃ y kg chÆ¡i gÃ¬ háº¿t mÃ  nÃ³ cá»© kÃªu váº­y hoÃ i",0
"Tráº£ hÃ ng láº¡i nhÆ°ng k nháº­n Ä‘Æ°á»£c tiá»n vÃ¬ bÃ¡o láº¡i lÃ  do mÃ¬nh Ä‘Ã³ng gÃ³i k cáº©n tháº­n bá»‹ vá»¡ nÃªn mÃ¬nh k nháº­n láº¡i Ä‘Æ°á»£c tiá»n , coi nhÆ° lÃ  máº¥t gáº§n 1 tr",0
"muá»‘n Ä‘Æ°á»£c Ä‘á»•i láº¡i",0
"mau háº¿t pin",0
"mÃ¡y Ä‘áº¹p, cáº£m á»©ng mÆ°á»£t. MÃ¡y ráº» nhÆ°ng cháº¥t lÆ°á»£ng khÃ´ng ráº» Ráº¥t hÃ i lÃ²ng.
máº¥y comment chÃª thÃ¬ máº¥y báº¡n nÃ y nÃªn mua mÃ¡y 5-10 triá»‡u mÃ  dÃ¹ng. Tiá»n it mÃ  Ä‘Ã²i hit ... thÆ¡m",2
"tá»‡",0
"mÃ¡y gÃ¬ mÃ  mau háº¿t bin quÃ¡, xÃ i chÃ¡n láº¯m ",0
"mÃ¡y chá»‰ hÆ¡i lag 1 chÃºt, cÃ²n láº¡i ok",1
"Love my new kindle fire 7, thanks!!!",2
"Sáº£n pháº©m tá»‘t, bá»c kÄ© cÃ ng, tuy nhiÃªn giao bá»‹ cháº­m.",2
"Sáº£n pháº©m Ä‘Ãºng mÃ´ táº£, giao hÃ ng nhanh.",2
"ko táº£i game vn dc haizz",1
"Má»›i sá»­ dá»¥ng trÆ°á»›c máº¯t cho 5 sao ",2
"khÃ´ng cáº§n nÃ³i nhiá»u, Ä‘Ãºng nhÆ° quáº£ng cÃ¡o, hÃ ng chÃ­nh hÃ£ng, nguyÃªn seal",2
"MÃ n hÃ¬nh sáº¯c nÃ©t 2k, khÃ¡ bá»±, mÃ¡y full tiáº¿ng Viá»‡t cháº¡y mÆ°á»£t, giÃ¡ láº¡i quÃ¡ ráº», phá»¥ kiá»‡n Ä‘áº§y Ä‘á»§ sáº¡c, cÃ¡p, dÃ¡n mÃ n, bao da, Ä‘á»§ dÃ¹ng luÃ´n, shop nÃ y lÃ m Äƒn cÃ³ tÃ¢m, cáº§n phÃ¡t huy, táº¿t sáº½ cá»‘ gom tiá»n mua thÃªm 1 mÃ¡y vá» lÃ m quÃ  táº·ng cho gia Ä‘Ã¬nh",2
"MÃ¡y á»•n, mÃ n hÃ¬nh nÃ©t, cháº¡y mÆ°á»£t, camera hÆ¡i xÆ°á»›c nhÆ°ng chá»¥p áº£nh khÃ´ng bá»‹ áº£nh hÆ°á»Ÿng, pin trÃ¢u, nÃ³i chung cháº¥t lÆ°á»£ng á»•n, Ä‘Ã¡ng tiá»n, giÃ¡ láº¡i ráº»",2
"DÃ¹ng Ä‘Æ°á»£c 1 tuáº§n mÃ¡y váº«n á»•n, cháº¡y mÆ°á»£t",2
"mÃ¡y dáº¹p tá»‘t ráº»",2
"MÃ¡y quÃ¡ tá»‘t trong táº§m giÃ¡, cÃ¡m Æ¡n shop táº·ng thÃªm bÃ n phÃ­m.",2
"MÃ©p mÃ n hÃ¬nh Ä‘Æ°á»ng viá»n bá»‹ gáº«y 3 Ä‘iá»ƒm",0
"MÃ¡y tá»‘t, giao hÃ ng trÆ°á»›c thá»i háº¡n dá»± kiáº¿n. NhÆ°ng cÃ³ 2 váº¥n Ä‘á»:
- MÃ¡y khÃ´ng gá»i Ä‘iá»‡n Ä‘Æ°á»£c máº·c dÃ¹ xem pháº§n cÃ i Ä‘áº·t cÃ³ tháº¥y cÃ i Ä‘áº·t gá»i Ä‘iá»‡n.
- Tai nghe Ã¢m lÆ°á»£ng ráº¥t nhá», khÃ´ng thá»ƒ sá»­ dá»¥ng Ä‘Æ°Æ¡c.
Äá» nghá»‹ nhÃ  cung cáº¥p xem xÃ©t.",0
"MÃ¡y chÆ°a sd nÃªn chÆ°a bt. Ko cÃ³ phiáº¿u báº£o hÃ nh vÃ  phieu tráº£ hÃ ng. VÃ£i. MÃ¡y bá»‹ cÃ´ng vÃªnh á»Ÿ gá»‘c. Tráº£ hang thj ko co phiáº¿u. LÃ m Äƒn máº¥t uy tÃ­n.",0
"MÃ¡y tá»‘t, giao hÃ ng trÆ°á»›c thá»i háº¡n dá»± kiáº¿n. NhÆ°ng cÃ³ 2 váº¥n Ä‘á»:
- MÃ¡y khÃ´ng gá»i Ä‘iá»‡n Ä‘Æ°á»£c máº·c dÃ¹ xem pháº§n cÃ i Ä‘áº·t cÃ³ tháº¥y cÃ i Ä‘áº·t gá»i Ä‘iá»‡n.
- Tai nghe Ã¢m lÆ°á»£ng ráº¥t nhá», khÃ´ng thá»ƒ sá»­ dá»¥ng Ä‘Æ°Æ¡c.
Äá» nghá»‹ nhÃ  cung cáº¥p xem xÃ©t.",0
"Sáº£n pháº©m cháº¥t lÆ°á»£ng tá»‘t, Ä‘áº§y Ä‘á»§ phá»¥ kiá»‡n, giao hÃ ng nhanh chÃ³ng.",2
"sáº£n pháº©m cháº¥t lÆ°á»£ng ráº¥t tá»‘t, dÃ¹ng cho cÃ¡c con há»c tiáº¿ng anh tá»‘t. loa chuáº©n",2
"ngon thÃ¬ cÃ³ ngon tháº­t nhÆ°ng k nghe gá»i Ä‘Æ°á»£c gÃ¬ háº¿t ",0
"MÃ¡y cÃ²n má»›i láº¯m ! Cháº¥t lÆ°á»£ng thÃ¬ chÆ°a sá»­ dá»¥ng nhiá»u, Ä‘á»£i time ná»¯a xem sao .",2
"May Ä‘eÌ£p",2
"good",2
"ÄoÌng goÌi cÃ¢Ì‰n thÃ¢Ì£n, giao haÌ€ng nhanh. SaÌ‰n phÃ¢Ì‰m Ä‘eÌ£p, chiÌ‰ hÆ¡i trÃ¢Ì€y xÆ°Æ¡Ìc chuÌt iÌt. Shop uy tiÌn.",2
"May tam on, nhung nhanh het pin, su dung khoang nua tieng la may nong qua.Minh muon doi may khac nhe",0
"Äáº·t hÃ ng Huawei nhÆ°ng giao Lenovo T9S giÃ¡ cÃ²n khÃ´ng tÆ°Æ¡ng Ä‘Æ°Æ¡ng.
ÄÃ£ váº­y cÃ²n khÃ´ng cho kiá»ƒm hÃ ng.",0
"Äáº·t 10inch giao 7inch",0
"May tam on, nhung nhanh het pin, su dung khoang nua tieng la may nong qua.Minh muon doi may khac nhe",0
"Äáº·t hÃ ng Huawei nhÆ°ng giao Lenovo T9S giÃ¡ cÃ²n khÃ´ng tÆ°Æ¡ng Ä‘Æ°Æ¡ng.
ÄÃ£ váº­y cÃ²n khÃ´ng cho kiá»ƒm hÃ ng.",0
"hÃ¬nh áº£nh khÃ¡c hÆ¡n vá»›i bÃªn ngoÃ il cÃ²n toÃ n má»i thá»© á»•n má»—i cÃ¡i pin nhanh háº¿t thÃªa",1
"shop cho há»i sao mÃ¡y k nháº­n sim váº­y, tÃ´i Ä‘ang cáº§n trá»£ giÃºp",1
"may bi loipin hay bi sap nguon",0
"maÌy mua vÃªÌ€ mÆ¡Ìi duÌ€ng 2 ngaÌ€y Ä‘aÌƒ hoÌ‰ng gÆ°Ì‰i vaÌ€o Ä‘ÃªÌ‰ Ä‘Ã´Ì‰i thiÌ€ khÃ´ng traÌ‰ laÌ£i maÌy Ä‘ÃªÌ€ nghiÌ£ xem laÌ£i phÆ°Æ¡ng thÆ°Ìc laÌ€m Äƒn",0
"HÃ ng ráº¥t tá»‘t, mÃ¡y má»›i nguyÃªn cáº£m á»©ng nháº¡y, Ä‘áº¹p, pin tá»‘t, Ã¢m thanh quÃ¡ tuyá»‡t, giÃ¡ há»£p lÃ½ bÃ¬nh dÃ¢n. Cáº£m Æ¡n Lazada vÃ  cáº£m Æ¡n shop . . . !",2
"ok ",2
"saÌ‰n phÃ¢Ì‰m Ä‘eÌ£p Ä‘uÌng mÃ´ taÌ‰ ",2
"MÃ¡y sá»­ dá»¥ng ráº¥t tá»‘t cho 10d !",2
"mÃ¡y cháº¡y mÆ°á»£t mÃ , Ä‘áº¹p",2
"hÃ ng Ä‘Ãºng quáº£ng cÃ¡o. Ä‘Ã³ng gÃ³i cáº©n tháº­n",2
"Ä‘Ã¡nh giÃ¡ rá»“i khÃ´ng biáº¿t cÃ³ Ä‘Æ°á»£c táº·ng tai nghe nhÆ° shop nÃ³i khÃ´ng hihihi",2
"ncc",1
"sp tá»‘t",2
"sp giá»‘ng mÃ´ táº£. Ã¢m thanh á»•n. wifi tá»‘t. má»i thá»© Ä‘á»u á»•n.",2
"mÃ¡y khÃ´ng dÃ¹ng máº¡ng di Ä‘á»™ng cá»§a viá»‡t Nam Ä‘c mÃ  pháº£i mua code nÆ°á»›c ngoÃ i ráº¥t Ä‘áº¯t nhÆ°ng shop khÃ´ng há» nÃ³i cho khÃ¡ch hÃ ng biáº¿t",0
"MÃ¡y cháº¥t lÆ°á»£ng ráº¥t tá»‘t, chÃºc shop cÃ³ nhiá»u sáº£n pháº©m tá»‘t hÆ¡n ná»¯a",2
"Äang dÃ¹ng,dung lÆ°á»£ng hÆ¡i nhá» háº¡n cháº¿ táº£i game.",0
"giao mÃ¡y cÃ²n Ä‘á»‡p
coi youtube nhanh
tjank",2
"khÃ´ng cÃ³ cá»§ sáº¡c cá»§a nÃ³. thÃ¬ dÃ¹ng tháº¿ nÃ o, vá»©t mÃ¡y Ä‘i Ã , bÃ¡n cho tÃ´i cá»¥c sáº¡c tiáº¿p tÃ´i tráº£ thÃªm tiá»n,",0
"mÃ¬nh Ä‘áº·t mÃ¡y tÃ­nh báº£ng lenovo t9s mÃ  sop láº¡i gá»­i mÃ¡y khÃ¡c mÃ¬nh Ä‘Ã£ gá»­i láº¡i Ä‘á»•i Ä‘Ãºng mÃ¡y mÃ¬nh Ä‘áº·t khÃ´ng biáº¿t lÃºc nÃ o má»›i nháº­n Ä‘Æ°á»£c váº­y",0
"This is a scam. They don't send a Lenovo. They send a , SHANGBAIXING. Do not buy the Lenovo! Scam!
Liar's.. they send a piece of junk..",0
"TÃ´i cÃ¢n Ä‘oi lai mÃ¢y bi lÃ´i muÃ´n gÆ°Ì‰i lai h lam j",0
"HÃ ng dÃ¹ng Ä‘Æ°á»£c tuy nhiÃªn shop gá»­i ko Ä‘Ãºng dÃ¢y sáº¡c lÃ m pháº£i Ä‘i ra ngoÃ i tÃ¬m mua dÃ¢y khÃ¡c",1
"mÃ¡y cháº¡y tá»‘t, chÆ¡i game.mÆ°á»£t.",2
"Giao hÃ ng nhanh. MÃ¡y ok. Cáº£m Æ¡n shop.",2
"Lazada giao hÃ ng cá»±c nhanh. NhÃ¢n viÃªn nhiá»‡t tÃ¬nh dÃ¹ pháº£i Ä‘á»©ng Ä‘á»£i mÃ¬nh vá» giá»¯a trÆ°a náº¯ng. Quan trá»ng lÃ  sáº£n pháº©m ráº¥t tá»‘t vá»›i má»™t ngÆ°á»i chuyÃªn cÃ y nhÆ° mÃ¬nh. Vá»«a phá»¥c vá»¥ cho giáº£i trÃ­, vá»«a phá»¥c vá»¥ cho viá»‡c dáº¡y há»c. ÄÃ¡ng Ä‘á»ƒ dÃ nh ná»­a thÃ¡ng lÆ°Æ¡ng.",2
"Thanks for sending quickly. I ordered it today morning and then received it tonight. 
I am doing the setting now, it is working very well.",2
"Sáº£n pháº©m giao hÃ ng ráº¥t nhanh,tÃ´i ráº¥t hÃ i lÃ²ng vá»›i sáº£n pháº©m, nguyÃªn seal nguyÃªn kiá»‡n ngay cáº£ tá»« Ä‘iá»ƒn cÅ©ng khÃ´ng cÃ³ luÃ´n.",2
"Fast delivery, product perfect, very happy with the service and my new kindle.",2
"standard waterproof kindle. all good",2
"Great product. Perfect delivery in less than 3 days",2
"á»”n recommend 10/10",2
"Perfect- exactly like the one I had that I bought from the uk.",2
"Sáº£n pháº©m tá»‘t, giao hÃ ng nhanh",2
"It works and is waterproof... thats good enough for me. ",2
"Giao hÃ ng nhanh,ÄÃ³ng hÃ ng cháº¯n cháº¯n, CÃ²n cháº¥t lÆ°á»£ng pháº£i sá»­ dá»¥ng qua. Cáº£m Æ¡n Shop",2
"Its water proof. Seems to work ok. I have had it in the pool 2 times. no problem.",2
"sáº£n pháº©m tá»‘t nhÆ°ng pin hÆ¡i kÃ©m cá»§ sáº¡c thÃ¬ láº¡i sáº¡c khÃ´ng Ä‘Æ°á»£c nhanh vá»«a test mÃ¡y vÃ  vá»«a sáº¡c thÃ¬ pin váº«n tá»¥t pháº§n trÄƒm khÃ´ng lÃªn Ä‘á»•i Mic Ä‘Ã m thoáº¡i nghe ráº¥t nhá» ,Loa ngoÃ i cÅ©ng khÃ´ng Ä‘Æ°á»£c tá»‘t , pháº§n Ã‚m thanh ráº¥t tá»‡",1
"Äáº·t hÃ ng trÆ°a qua mÃ  chiá»u nay nháº­n dc hÃ ng rá»“i, quÃ¡ ngon, hÃ ng nhÃ¬n keng xÃ  beng, cho 5* vÃ¬ dá»‹ch vá»¥ cÃ¡i Ä‘Ã£, cháº¥t lÆ°á»£ng Ä‘á»ƒ test rá»“i pháº£n há»“i shop sau kkk",2
"RAT OK",2
"MÃ¡y Ä‘áº¹p",2
"bÃª mÃ n hinh cung ban",0
"sÃ i tá»‘t láº¯m",2
"MÃ¡y xÃ i táº¡m Ä‘Æ°á»£c trong táº§m giÃ¡, mÃ n to vá»«a pháº£i, camera siÃªu lá»Ÿm chá»‰ Ä‘á»ƒ cho cÃ³. MÃ¬nh tÃ¬m chÆ°a cÃ³ root nÃªn hÆ¡i bá»‹ gÃ² bÃ³ vá»›i máº¥y app cá»§a Amazon. Ai thÃ­ch tÃ¹y biáº¿n nhiá»u nhÆ° mÃ¬nh thÃ¬ nÃªn chá»n hÃ£ng khÃ¡c. Shop Ä‘á»ƒ thÃ´ng tin chÆ°a chÃ­nh xÃ¡c, mÃ¡y nÃ y lÃ  báº£n 7th gen tá»©c lÃ  báº£n 2017 chá»© khÃ´ng pháº£i 2018",1
"HÃ´m Ä‘áº§u mÃ¬nh gáº·p váº¥n Ä‘á» vá»›i loa (hÆ¡i rÃ¨) nhÆ°ng Ä‘Ã£ kháº¯c phá»¥c Ä‘Æ°á»£c (bÃ³p vÃ o cáº¡nh mÃ¡y lÃ  háº¿t). MÃ n hÃ¬nh mÃ¡y khÃ´ng Ä‘Æ°á»£c nÃ©t náº¿u so sÃ¡nh vá»›i cÃ¡c mÃ¡y tÃ­nh báº£ng Trung Quá»‘c cÃ¹ng táº§m giÃ¡ nhÆ°ng xÃ©t vá» pin, Ä‘á»™ bá»n vÃ  thÆ°Æ¡ng hiá»‡u thÃ¬ hÆ¡n háº³n. Cáº£m giÃ¡c cáº§m náº¯m tá»‘t, nháº¹ vÃ  ko bá»‹ cáº¥n tay.",1
"VÃ´ Ä‘á»‹ch trong táº§m giÃ¡. Cháº¥t lÆ°á»£ng tuyá»‡t vá»i. MÃ¬nh Ä‘Ã£ mua Ä‘áº¿n cÃ¡i thá»© 4 rá»“i. DÃ¹ng cho bÃ¡n hÃ ng. DÃ¹ng cho há»p táº­p vÃ  giáº£i trÃ­ cÅ©ng ráº¥t ok. Quan trá»ng lÃ  em nÃ³ Pin ráº¥t trÃ¢u. Máº«u mÃ£ khÃ´ng theo trÃ o lÆ°u bÃ¢y h nhÆ°ng mÃ¬nh ráº¥t thÃ­ch. NÃ³i chung lÃ  miá»…n bÃ n luáº­n. Uh, mua vá» lÃªn Google xem hÆ°á»›ng dáº«n cÃ i CH play nhÃ© (ráº¥t Ä‘Æ¡n giáº£n).",2
"Cháº¥t lÆ°á»£ng sáº£n pháº©m ráº¥t tá»‘t phÃ¹ há»£p vá»›i giÃ¡ tiá»n. Ráº¥t thÃ­ch há»£p cho tráº» em há»c táº­p vÃ  giáº£i trÃ­ nháº¹ nhÃ ng. ",2
"khÃ´ng cÃ³ tiáº¿ng viá»‡t vÃ  google play , nhiá»u quáº£ng cÃ¡o á»Ÿ mÃ n hÃ¬nh khÃ³a ( cÃ³ thá»ƒ kháº¯c phá»¥c báº±ng cÃ¡ch liÃªn há»‡ trá»±c tiáº¿p supporter cá»§a amazon Ä‘á»ƒ kháº¯c phá»¥c ) , mÃ¬nh vá»«a nháº­n , hiá»‡n táº¡i váº«n Ä‘ang test . Sáº£n pháº©m cÃ²n seal nhÃ© má»i ngÆ°á»i",2
"HÃ ng shop tá»‘t, nguyÃªn seal, chÃ­nh hÃ£ng full box, tuy nhiÃªn bÃªn shop giao hÃ ng cháº­m cho kho lazada quÃ¡ trá»… 2 ngÃ y so vá»›i dá»± kiáº¿n.",2
"má»›i mua vá» gáº§n 1 tuáº§n thÃ¬ bá»‹ máº¥t.. cho 4 sao thÃ´i.

dÃ¹ gÃ¬ thÃ¬ cÅ©ng cÃ³ tráº£i nghiá»‡m tuyá»‡t vá»i trong 6 ngÃ y Ä‘Ã³.",2
"MÃ¡y Ä‘áº¹p, giao hÃ ng nhanh, tuy nhiÃªn khÃ´ng cÃ³ tiáº¿ng viá»‡t, mÃ¡y áº£nh cho cÃ³ :) tuy nhiÃªn váº«n rate 5* vÃ¹ mÃ¡y ráº¥t tá»‘t so vá»›i má»©c giÃ¡ rá»“i.",2
"Æ¯u Ä‘iá»ƒm: ráº», pin khÃ¡, mÃ¡y khÃ¡ cháº¯c cháº¯n
NhÆ°á»£c: há»Ÿ sÃ¡ng á»Ÿ gÃ³c mÃ n hÃ¬nh gáº§n nÃºt nguá»“n, cáº£m á»©ng thá»‰nh thoáº£ng ko nháº¡y láº¯m",1
"Mua xong cháº·n pháº§n há»i Ä‘Ã¡p vá» sáº£n pháº©m khi mÃ¬nh Ä‘áº·t cÃ¢u há»i máº·c dÃ¹ mÃ¬nh Ä‘Äƒng xuáº¥t hoáº·c vÃ o nick laz khÃ¡c váº«n xem dc há»i Ä‘Ã¡p. ",1
"MÃ¡y nháº¹, RAM 1.5GB Ä‘á»§ dÃ¹ng cho cÃ¡c tÃ¡c vá»¥ nháº¹. MÃ n hÃ¬nh khÃ´ng Ä‘áº¿n má»©c sáº¯c nÃ©t nhÆ°ng cÅ©ng khÃ´ng bá»‹ rá»—. CÃ³ thá»ƒ cÃ¡i Google Play. PhÃ¹ há»£p sá»­ dá»¥ng cho tráº» nhá» há»c tiáº¿ng Anh vÃ  giáº£i trÃ­ vá»›i cÃ¡c game nháº¹.",2
"Sá»­ dá»¥ng tá»‘t vá»›i cÃ¡c nhu cáº§u cÆ¡ báº£n nhÆ° xem Youtube, lÆ°á»›t web,... CÃ i thÃªm CH Play lÃ  xÃ i vÃ´ tÆ°, pin tá»‘t, thiáº¿t káº¿ nhá»±a nhÃ¬n hÆ¡i ráº» tiá»n nhÆ°ng cháº¯c sáº½ bá»n...",2
"Tá»‘t trong táº§m giÃ¡. MÃ¡y má»›i nguyÃªn seal. Má»i thá»© Ä‘á»u ok trá»« viá»‡c cÃ³ 2 loa thÃ¬ loa bÃªn trÃªn bá»‹ rÃ¨ khi má»Ÿ volume >50%. NhÆ°ng mÃ¬nh nghÄ© cÅ©ng k pháº£i váº¥n Ä‘á» quÃ¡ lá»›n vÃ¬ mÃ¬nh thÆ°á»ng xÃ i tai nghe hÆ¡n lÃ  loa.",2
"DÃ¹ng ráº¥t tá»‘t, mÃ¡y nguyÃªn seal vÃ  Ä‘Ã³ng gÃ³i cá»±c kÃ¬ cáº©n tháº­n, mÃ¬nh ráº¥t thÃ­ch vÃ  sáº½ cÃ³ dá»± Ä‘á»‹nh mua thÃªm Ä‘á»ƒ táº·ng ngÆ°á»i thÃ¢n!",2
"Sá»¯a rá»­a máº·t nhÃ¬n bá» ngoÃ i khÃ¡ á»•n, giÃ¡ ráº» vá»›i Ä‘á»c bÃ¬nh luáº­n tháº¥y review tá»‘t nÃªn mÃ¬nh mua, giao hÃ ng cÅ©ng khÃ¡ nhanh, á»•n áº¡",2
